{"cameraMode":{"drawMode":0,"name":"Shaded","section":"Shading Mode"},"sceneLighting":false,"audioPlay":false,"sceneViewState":{"showFog":true,"showMaterialUpdate":false,"showSkybox":false,"showFlares":true,"showImageEffects":true,"showParticleSystems":true},"in2DMode":false,"pivot":{"x":-0.03994651883840561,"y":0.12828709185123444,"z":-0.32972538471221926},"rotation":{"x":0.0010683343280106783,"y":-0.9950445294380188,"z":0.0988420769572258,"w":0.010754701681435109},"size":4.390834331512451,"orthographic":false}