{"cameraMode":{"drawMode":0,"name":"Shaded","section":"Shading Mode"},"sceneLighting":false,"audioPlay":false,"sceneViewState":{"showFog":true,"showMaterialUpdate":false,"showSkybox":false,"showFlares":true,"showImageEffects":true,"showParticleSystems":true},"in2DMode":false,"pivot":{"x":-1.6873103380203248,"y":0.6214838624000549,"z":0.5396392941474915},"rotation":{"x":-0.04941520467400551,"y":-0.46318724751472475,"z":0.025877222418785096,"w":-0.8845033645629883},"size":19.39944839477539,"orthographic":false}