{"cameraMode":{"drawMode":0,"name":"Shaded","section":"Shading Mode"},"sceneLighting":false,"audioPlay":false,"sceneViewState":{"showFog":true,"showMaterialUpdate":false,"showSkybox":false,"showFlares":true,"showImageEffects":true,"showParticleSystems":true},"in2DMode":false,"pivot":{"x":1.7303686141967774,"y":2.8703672885894777,"z":0.0019097328186035157},"rotation":{"x":-0.21386954188346864,"y":0.24684953689575196,"z":-0.05595451965928078,"w":-0.9435011148452759},"size":31.071456909179689,"orthographic":false}