{"cameraMode":{"drawMode":0,"name":"Shaded","section":"Shading Mode"},"sceneLighting":false,"audioPlay":false,"sceneViewState":{"showFog":true,"showMaterialUpdate":false,"showSkybox":false,"showFlares":true,"showImageEffects":true,"showParticleSystems":true},"in2DMode":false,"pivot":{"x":-0.1140902042388916,"y":-0.5834773778915405,"z":-0.6780740022659302},"rotation":{"x":-0.001214457442983985,"y":-0.9972461462020874,"z":0.07223669439554215,"w":-0.01674739271402359},"size":1.518808126449585,"orthographic":false}